"Project";"Whole Duration(hours)";"Whole Effort (hours)";"Progress (%)";"Done (hours)";"Remaining (hours)"
"Roofing";1872.0;117.0;"100%";117.0;0.0
"  Install seamless roofing material";120.0;45.0;"100%";45.0;0.0
"  Set rooftop equipment";48.0;0.0;"100%";0.0;0.0
"  Install flashing at parapet walls";96.0;27.0;"100%";27.0;0.0
"  Pour lightweight concrete roof fill";48.0;18.0;"100%";18.0;0.0
"  Spread stone ballast on seamless roof";120.0;27.0;"100%";27.0;0.0
"Final Clean-up and Occupancy";1872.0;72.0;"100%";72.0;0.0
"  Clean hard tile floors";96.0;36.0;"100%";36.0;0.0
"  Substantial completion date";24.0;9.0;"100%";9.0;0.0
"  Install hard tile flooring in common areas";24.0;9.0;"100%";9.0;0.0
"  Remove debris from building and do final clean-up";96.0;18.0;"100%";18.0;0.0
"General Conditions";216.0;180.0;"79%";180.0;0.0
"  Receive notice to proceed and sign contract";72.0;27.0;"100%";27.0;0.0
"  Obtain building permits";96.0;63.0;"100%";63.0;0.0
"  Submit monthly requests for payment";24.0;0.0;"100%";0.0;0.0
"  Prepare and submit project schedule";48.0;36.0;"100%";36.0;0.0
"  Submit bond and insurance documents";48.0;18.0;"100%";18.0;0.0
"  Prepare and submit schedule of values";48.0;0.0;"100%";0.0;0.0
"  Submit preliminary shop drawings";48.0;36.0;"50%";36.0;0.0
"Long Lead Procurement";288.0;225.0;"7%";225.0;0.0
"  Detail, fabricate and deliver steel";288.0;162.0;"100%";162.0;0.0
"  Submit shop drawings and order long lead items - roofing";48.0;9.0;"100%";9.0;0.0
"  Submit shop drawings and order long lead items - elevator";48.0;9.0;"100%";9.0;0.0
"  Submit shop drawings and order long lead items - plumbing";48.0;9.0;"100%";9.0;0.0
"  Submit shop drawings and order long lead items - electric";48.0;9.0;"100%";9.0;0.0
"  Submit shop drawings and order long lead items - HVAC";48.0;9.0;"100%";9.0;0.0
"  Submit shop drawings and order long lead items - steel";48.0;18.0;"80%";18.0;0.0
"Foundations";864.0;315.0;"100%";315.0;0.0
"  Form column piers and spread foundations";96.0;36.0;"100%";36.0;0.0
"  Form elevator pit walls";96.0;18.0;"100%";18.0;0.0
"  Pour column piers and foundations";120.0;36.0;"100%";36.0;0.0
"  Cure elevator wall concrete";168.0;27.0;"100%";27.0;0.0
"  Excavate foundations";48.0;9.0;"100%";9.0;0.0
"  Excavate elevator pit";48.0;0.0;"100%";0.0;0.0
"  Strip column piers and foundation forms";72.0;18.0;"100%";18.0;0.0
"  Rough-in electric and plumbing in elevator";96.0;72.0;"100%";72.0;0.0
"  Set reinforcing and anchor bolts";96.0;36.0;"100%";36.0;0.0
"  Prepare and pour concrete floor in elevator pit";24.0;9.0;"100%";9.0;0.0
"  Pour concrete elevator walls";24.0;0.0;"100%";0.0;0.0
"  Cure piers and foundations";168.0;45.0;"100%";45.0;0.0
"  Strip wall forms";24.0;0.0;"100%";0.0;0.0
"  Install pneumatic tube in elevator pit";72.0;9.0;"100%";9.0;0.0
"Steel Erection";792.0;45.0;"100%";45.0;0.0
"  Erect steel columns, beams and joist - 3rd floor and roof";48.0;0.0;"100%";0.0;0.0
"  Install miscellaneous iron and bracing - 1st and 2nd floors";48.0;0.0;"100%";0.0;0.0
"  Install stairs and miscellaneous iron railing";48.0;0.0;"100%";0.0;0.0
"  Erect steel columns, beams and joist - 1st and 2nd floors";48.0;18.0;"100%";18.0;0.0
"  Install miscellaneous iron and bracing - 3rd floor and roof";48.0;18.0;"100%";18.0;0.0
"  Touch-up paint on steel";24.0;9.0;"100%";9.0;0.0
"Masonry Work";1656.0;108.0;"100%";108.0;0.0
"  Lay masonry at core, mechanical, and toilets";96.0;27.0;"100%";27.0;0.0
"  Install roof drains";48.0;0.0;"100%";0.0;0.0
"  Clean masonry";24.0;0.0;"100%";0.0;0.0
"  Install tile in toilet rooms";48.0;18.0;"100%";18.0;0.0
"  Clean toilet room tile";24.0;0.0;"100%";0.0;0.0
"  Rough-in plumbing at toilets and masonry walls";96.0;36.0;"100%";36.0;0.0
"  Install exterior masonry work";120.0;27.0;"100%";27.0;0.0
"Window wall and store front closures";240.0;72.0;"100%";72.0;0.0
"  Install window wall aluminum and glass";120.0;36.0;"100%";36.0;0.0
"  Install store front doors and hardware";72.0;0.0;"100%";0.0;0.0
"  Install interior doors and hardware";48.0;9.0;"100%";9.0;0.0
"  Install interior stud walls and drywall";120.0;27.0;"100%";27.0;0.0
"Mobilize on Site";168.0;99.0;"92%";99.0;0.0
"  Install temporary power";48.0;18.0;"100%";18.0;0.0
"  Install temporary water service";48.0;18.0;"100%";18.0;0.0
"  Set up site office";72.0;18.0;"100%";18.0;0.0
"  Set line and grade benchmarks";72.0;9.0;"100%";9.0;0.0
"  Prepare site - lay down yard and temporary fencing";48.0;36.0;"50%";36.0;0.0
"Plumbing";1536.0;45.0;"100%";45.0;0.0
"  Tie-in fire line riser and set valves";48.0;9.0;"100%";9.0;0.0
"  Rough-in plumbing in drywall walls";96.0;9.0;"100%";9.0;0.0
"  Flush, test, and clean piping and fixtures";48.0;9.0;"100%";9.0;0.0
"  Set plumbing fixtures and trim";72.0;18.0;"100%";18.0;0.0
"Building Finishes";288.0;198.0;"100%";198.0;0.0
"  Install millwork and wood trim";72.0;18.0;"100%";18.0;0.0
"  Install conduit at ceiling plenum space";72.0;27.0;"100%";27.0;0.0
"  Install building carpet";96.0;27.0;"100%";27.0;0.0
"  Install hardware and accessories";72.0;27.0;"100%";27.0;0.0
"  Complete interior and exterior sod and plantings";48.0;18.0;"100%";18.0;0.0
"  Paint walls and woodwork";96.0;27.0;"100%";27.0;0.0
"  Install ceiling grid";48.0;0.0;"100%";0.0;0.0
"  Pave, curb, and stripe parking lot";48.0;0.0;"100%";0.0;0.0
"  Install duct in ceiling plenum space";72.0;18.0;"100%";18.0;0.0
"  Install ceiling tile";48.0;18.0;"100%";18.0;0.0
"  Hang wallpaper";48.0;18.0;"100%";18.0;0.0
"Site Grading and Utilities";144.0;54.0;"100%";54.0;0.0
"  Clear and grub site";72.0;9.0;"100%";9.0;0.0
"  Stone site access and temporary parking area";48.0;0.0;"100%";0.0;0.0
"  Install storm drainage";48.0;0.0;"100%";0.0;0.0
"  Install exterior fire line and building fire riser";48.0;18.0;"100%";18.0;0.0
"  Rough grade site (cut and fill)";24.0;9.0;"100%";9.0;0.0
"  Perform final site grading";48.0;9.0;"100%";9.0;0.0
"  Erect building batter boards and layout building";24.0;9.0;"100%";9.0;0.0
"Electrical";1536.0;72.0;"100%";72.0;0.0
"  Rough-in electrical in drywall walls";96.0;0.0;"100%";0.0;0.0
"  Pull wire in conduit and set area transformers";72.0;9.0;"100%";9.0;0.0
"  Install light fixtures - test and clean";48.0;0.0;"100%";0.0;0.0
"  Rough-in electrical in masonry walls";96.0;36.0;"100%";36.0;0.0
"  Install and terminate electrical devices";72.0;9.0;"100%";9.0;0.0
"  Make electrical terminations for HVAC equipment";48.0;18.0;"100%";18.0;0.0
"Heating and Ventilating - AC";1224.0;99.0;"100%";99.0;0.0
"  Rough-in mechanical in drywall walls";48.0;18.0;"100%";18.0;0.0
"  Rough-in mechanical in masonry walls";96.0;36.0;"100%";36.0;0.0
"  Set equipment in mechanical room";48.0;9.0;"100%";9.0;0.0
"  Install duct in building chase";72.0;0.0;"100%";0.0;0.0
"  Set HVAC trim and test and balance system";96.0;36.0;"100%";36.0;0.0
"Complete Final Inspections";1248.0;36.0;"100%";36.0;0.0
"  Perform architect's inspection";24.0;18.0;"100%";18.0;0.0
"  Perform Fire Marshal's inspection";24.0;0.0;"100%";0.0;0.0
"  Complete elevator inspection and certification";72.0;18.0;"100%";18.0;0.0
"  Perform local building agency inspection";24.0;0.0;"100%";0.0;0.0
"Obtain certificate of occupancy";48.0;9.0;"100%";9.0;0.0
"Issue final completion documents including warranties";24.0;0.0;"100%";0.0;0.0
"Form and Pour Concrete - Floors and Roof";840.0;594.0;"100%";594.0;0.0
"  Form 2nd floor including all floor openings";120.0;54.0;"100%";54.0;0.0
"  Install rebar and in-floor utilities (including mechanical, electrical, plumbing)";120.0;54.0;"100%";54.0;0.0
"  Pour 2nd floor slab";96.0;18.0;"100%";18.0;0.0
"  Cure 2nd floor slab";168.0;45.0;"100%";45.0;0.0
"  Strip forms from 2nd floor slab";48.0;0.0;"100%";0.0;0.0
"  Form 3rd floor including all floor openings";120.0;45.0;"100%";45.0;0.0
"  Install rebar and in-floor utilities (including mechanical, electrical, plumbing)";120.0;54.0;"100%";54.0;0.0
"  Install electrical underground";24.0;9.0;"100%";9.0;0.0
"  Install plumbing underground";24.0;9.0;"100%";9.0;0.0
"  Install rebar and in-floor utilities";96.0;36.0;"100%";36.0;0.0
"  Form 1st floor";96.0;0.0;"100%";0.0;0.0
"  Pour 3rd floor slab";96.0;18.0;"100%";18.0;0.0
"  Cure 3rd floor slab";168.0;0.0;"100%";0.0;0.0
"  Cure 1st floor slab";168.0;45.0;"100%";45.0;0.0
"  Strip forms from 3rd floor slab";48.0;0.0;"100%";0.0;0.0
"  Form roof slab including all floor openings";120.0;27.0;"100%";27.0;0.0
"  Install rebar and in-floor utilities (including mechanical, electrical, plumbing)";120.0;54.0;"100%";54.0;0.0
"  Pour roof slab";96.0;36.0;"100%";36.0;0.0
"  Cure roof slab";168.0;45.0;"100%";45.0;0.0
"  Strip forms from roof slab";48.0;0.0;"100%";0.0;0.0
"  Pour 1st floor slab";96.0;27.0;"100%";27.0;0.0
"  Strip forms from 1st floor slab";48.0;18.0;"100%";18.0;0.0
"Elevators";144.0;36.0;"100%";36.0;0.0
"  Set elevator equipment in shafts";96.0;18.0;"100%";18.0;0.0
"  Test and align doors and equipment";48.0;18.0;"100%";18.0;0.0
"  Set equipment in mechanical room";48.0;0.0;"100%";0.0;0.0
"Carpentry Work";72.0;27.0;"100%";27.0;0.0
"  Install exterior sheathing and metal studs";72.0;27.0;"100%";27.0;0.0
"Complete punch list items from all inspections";48.0;162.0;"100%";162.0;0.0
"Issue final request for payment";24.0;27.0;"100%";27.0;0.0
